type,error,sd
bar no feedback ,1.126405463555971,0.264317618469363
area no feedback ,3.7655761530714513,0.2844122047875867
bubble no feedback ,2.475787069045061,0.24999594824548915
bar feedback ,1.6054321229135429,0.2901310352413627
area feedback ,3.195102334026163,0.2957386671466518
bubble feedback ,2.7329638540851517,0.2727774280040578
